discipline,english_name,chinese_name,registration_id,identity_group
ARC,TANG Chih-Chun,湯智鈞,,
ARC,DENG Yu-Cheng,鄧宇成,,
ARC,WEI Chun-Heng,魏均珩,,
ARC,LEI Chien-Ying,雷千瑩,,
ARC,TAN Ya-Ting,譚雅婷,,
ARC,LIN Chia-En,林佳恩,,
ATH,CHENG Chao-Tsun,鄭兆村,,
ATH,HUANG Shih-Feng,黃士峰,,
ATH,CHEN Kuei-Ru,陳奎儒,,
ATH,CHEN Chieh,陳傑,,
ATH,YANG Chun-Han,楊俊瀚,,
ATH,HSIEH Hsi-En,謝喜恩,,
BDM,CHOU Tien-Chen,周天成,,
BDM,WANG Tzu-Wei,王子維,,
BDM,WANG Chi-Lin,王齊麟,,
BDM,LEE Yang,李洋,,
BDM,TAI Tzu-Ying,戴資穎,,
BOX,HUANG Hsiao-Wen,黃筱雯,,
BOX,LIN Yu-Ting,林郁婷,,
BOX,WU Shih-Yi,吳詩儀,,
BOX,CHEN Nien-Chin,陳念琴,,
CSL,CHANG Chu-Han,張筑涵,,
CRD,FENG Chun Kai,馮俊凱,,
EQU,CHEN Jasmine Shao-Man,陳少曼,,
GOL,PAN C T,潘政琮,,
GOL,HSU Wei-Ling,徐薇淩,,
GOL,LEE Min,李旻,,
GAR,LEE Chih Kai,李智凱,,
GAR,TANG Chia-Hung,唐嘉鴻,,
GAR,HUNG Yuan-Hsi,洪源禧,,
GAR,SHIAO Yu-Jan,蕭佑然,,
GAR,TING Hua-Tien,丁華恬,,
JUD,YANG Yung Wei,楊勇緯,,
JUD,LIN Chen-Hao,林真豪,,
JUD,LIEN Chen-Ling,連珍羚,,
KTE,WANG Yi-Ta,王翌達,,
KTE,WEN Tzuyun,文姿云,,
ROW,HUANG Yi-Ting,黃義婷,,
SHO,LU Shao-Chuan,呂紹全,,
SHO,YANG Kun-Pi,楊昆弼,,
SHO,TIEN Chia Chen,田家榛,,
SHO,WU Chia-Ying,吳佳穎,,
SHO,LIN Ying-Shin,林穎欣,,
SWM,WANG Hsing-Hao,王星皓,,
SWM,WANG Kuan-Hung,王冠閎,,
SWM,HUANG Mei-Chien,黃渼茜,,
TTE,LIN Yun Ju,林昀儒,,
TTE,CHUANG Chih Yuan,莊智淵,,
TTE,CHEN Szu Yu,陳思羽,,
TTE,CHENG I Ching,鄭怡靜,,
TKW,HUANG Yu-Jen,黃鈺仁,,
TKW,LIU Wei-Ting,劉威廷,,
TKW,LO Chia-Ling,羅嘉翎,,
TKW,SU Po-Ya,蘇柏亞,,
TEN,LU Yen-Hsun,盧彥勳,,
TEN,CHAN Latisha,詹詠然,,
TEN,CHAN Hao-Ching,詹皓晴,,
TEN,HSIEH Yu-Chieh,謝語倢,,
TEN,HSU Chieh-Yu,許絜瑜,,
WLF,CHEN Po-Jen,陳柏任,,
WLF,KAO Chan-Hung,高展宏,,
WLF,HSIEH Yun-Ting,謝昀庭,,
WLF,FANG Wan-Ling,方莞靈,,
WLF,CHIANG Nien-Hsin,江念欣,,
WLF,CHEN Wen-Huei,陳玟卉,,
WLF,KUO Hsing-Chun,郭婞淳,,
