code,chinese,english
DEN,丹麥,Denmark
USA,美國,United States
POL,波蘭,Poland
BUL,保加利亞,Bulgaria
TUR,土耳其,Türkiye
GBR,英國,Great Britain
FIN,芬蘭,Finland
FRA,法國,France
ESP,西班牙,Spain
UKR,烏克蘭,Ukraine
COL,哥倫比亞,Colombia
AUS,澳洲,Australia
BEL,比利時,Belgium
BRA,巴西,Brazil
CMR,喀麥隆,Cameroon
CRO,克羅埃西亞,Croatia
CZE,捷克,Czechia
DOM,多明尼加,Dominican Republic
ECU,厄瓜多,Ecuador
EGY,埃及,Egypt
ITA,義大利,Italy
MEX,墨西哥,Mexico
MNE,蒙特內哥羅,Montenegro
NGR,奈及利亞,Nigeria
PUR,波多黎各,Puerto Rico
ROU,羅馬尼亞,Romania
SLE,獅子山,Sierra Leone
SLO,斯洛維尼亞,Slovenia
SRB,塞爾維亞,Serbia
SWE,瑞典,Sweden
ARG,阿根廷,Argentina
AZE,亞塞拜然,Azerbaijan
CAN,加拿大,Canada
EST,愛沙尼亞,Estonia
GER,德國,Germany
GRE,希臘,Greece
IRL,愛爾蘭,Ireland
ISR,以色列,Israel
KOS,科索沃,Kosovo
NED,荷蘭,Netherlands
NIG,尼日,Niger
ROC,俄羅斯奧會,ROC
SUI,瑞士,Switzerland
